<?xml version="1.0" encoding="UTF-8"?>
<rss version="2.0" xmlns:ror="http://rorweb.com/0.1/" >
<channel>
  <title>ROR Sitemap for http://www.betways.co.uk/</title>
  <link>http://www.betways.co.uk/</link>

<item>
     <link>http://www.betways.co.uk/</link>
     <title>The Best Football, Horse Racing, Tennis and Roulette Betting Systems in 2018 - Strategy Guide</title>
     <description>Website with description of low risk betting systems. Learn how to earn money sitting in your armchair.</description>
     <ror:updatePeriod></ror:updatePeriod>
     <ror:sortOrder>0</ror:sortOrder>
     <ror:resourceOf>sitemap</ror:resourceOf>
</item>
<item>
     <link>http://www.betways.co.uk/sport-betting-systems</link>
     <title>The Best Football, Horse Racing, Tennis and Roulette Betting Systems in 2018 - Strategy Guide</title>
     <description>Website with description of low risk betting systems. Learn how to earn money sitting in your armchair.</description>
     <ror:updatePeriod></ror:updatePeriod>
     <ror:sortOrder>1</ror:sortOrder>
     <ror:resourceOf>sitemap</ror:resourceOf>
</item>
<item>
     <link>http://www.betways.co.uk/football-betting-system-4matches4bets</link>
     <title>4 matches 4 bets</title>
     <description>Website with description of low risk betting systems. Learn how to earn money sitting in your armchair.</description>
     <ror:updatePeriod></ror:updatePeriod>
     <ror:sortOrder>1</ror:sortOrder>
     <ror:resourceOf>sitemap</ror:resourceOf>
</item>
<item>
     <link>http://www.betways.co.uk/football-betting-system-HalfFullTime2bets</link>
     <title>Footbal - Half Time / Full Tmie 2 Bets</title>
     <description>Website with description of low risk betting systems. Learn how to earn money sitting in your armchair.</description>
     <ror:updatePeriod></ror:updatePeriod>
     <ror:sortOrder>1</ror:sortOrder>
     <ror:resourceOf>sitemap</ror:resourceOf>
</item>
<item>
     <link>http://www.betways.co.uk/football-betting-system-fortune</link>
     <title>Football - fortune</title>
     <description>Website with description of low risk betting systems. Learn how to earn money sitting in your armchair.</description>
     <ror:updatePeriod></ror:updatePeriod>
     <ror:sortOrder>1</ror:sortOrder>
     <ror:resourceOf>sitemap</ror:resourceOf>
</item>
<item>
     <link>http://www.betways.co.uk/football-betting-system-highestOdds</link>
     <title>Footbal - Highest Odds</title>
     <description>Website with description of low risk betting systems. Learn how to earn money sitting in your armchair.</description>
     <ror:updatePeriod></ror:updatePeriod>
     <ror:sortOrder>1</ror:sortOrder>
     <ror:resourceOf>sitemap</ror:resourceOf>
</item>
<item>
     <link>http://www.betways.co.uk/horse-racing-betting-system-fibonacci</link>
     <title>Horse Racing - Fibonacci</title>
     <description>Website with description of low risk betting systems. Learn how to earn money sitting in your armchair.</description>
     <ror:updatePeriod></ror:updatePeriod>
     <ror:sortOrder>1</ror:sortOrder>
     <ror:resourceOf>sitemap</ror:resourceOf>
</item>
<item>
     <link>http://www.betways.co.uk/horse-racing-betting-system-formLastRan</link>
     <title>Horse Racing - Form Last Ran</title>
     <description>Website with description of low risk betting systems. Learn how to earn money sitting in your armchair.</description>
     <ror:updatePeriod></ror:updatePeriod>
     <ror:sortOrder>1</ror:sortOrder>
     <ror:resourceOf>sitemap</ror:resourceOf>
</item>
<item>
     <link>http://www.betways.co.uk/horse-racing-betting-system-LayTheLoser</link>
     <title>Horse Racing - Bet on Loser</title>
     <description>Website with description of low risk betting systems. Learn how to earn money sitting in your armchair.</description>
     <ror:updatePeriod></ror:updatePeriod>
     <ror:sortOrder>1</ror:sortOrder>
     <ror:resourceOf>sitemap</ror:resourceOf>
</item>
<item>
     <link>http://www.betways.co.uk/horse-racing-betting-system-favourite</link>
     <title>Horse Racing - 2nd or 3rd Favourites</title>
     <description>Website with description of low risk betting systems. Learn how to earn money sitting in your armchair.</description>
     <ror:updatePeriod></ror:updatePeriod>
     <ror:sortOrder>1</ror:sortOrder>
     <ror:resourceOf>sitemap</ror:resourceOf>
</item>
<item>
     <link>http://www.betways.co.uk/roulette-strategy-martingale</link>
     <title>Martingale</title>
     <description>Website with description of low risk betting systems. Learn how to earn money sitting in your armchair.</description>
     <ror:updatePeriod></ror:updatePeriod>
     <ror:sortOrder>1</ror:sortOrder>
     <ror:resourceOf>sitemap</ror:resourceOf>
</item>
<item>
     <link>http://www.betways.co.uk/roulette-strategy-comet</link>
     <title>Roulette - system Comet</title>
     <description>Website with description of low risk betting systems. Learn how to earn money sitting in your armchair.</description>
     <ror:updatePeriod></ror:updatePeriod>
     <ror:sortOrder>1</ror:sortOrder>
     <ror:resourceOf>sitemap</ror:resourceOf>
</item>
<item>
     <link>http://www.betways.co.uk/roulette-strategy-domination</link>
     <title>Roulette - system Domination</title>
     <description>Website with description of low risk betting systems. Learn how to earn money sitting in your armchair.</description>
     <ror:updatePeriod></ror:updatePeriod>
     <ror:sortOrder>1</ror:sortOrder>
     <ror:resourceOf>sitemap</ror:resourceOf>
</item>
<item>
     <link>http://www.betways.co.uk/roulette-strategy-3streets</link>
     <title>Roulette - system 3 Streets</title>
     <description>Website with description of low risk betting systems. Learn how to earn money sitting in your armchair.</description>
     <ror:updatePeriod></ror:updatePeriod>
     <ror:sortOrder>1</ror:sortOrder>
     <ror:resourceOf>sitemap</ror:resourceOf>
</item>
<item>
     <link>http://www.betways.co.uk/tennis-betting-system-favourite</link>
     <title>Tennis - fortune</title>
     <description>Website with description of low risk betting systems. Learn how to earn money sitting in your armchair.</description>
     <ror:updatePeriod></ror:updatePeriod>
     <ror:sortOrder>1</ror:sortOrder>
     <ror:resourceOf>sitemap</ror:resourceOf>
</item>
<item>
     <link>http://www.betways.co.uk/tennis-betting-system-fortune</link>
     <title>Tennis - fortune</title>
     <description>Website with description of low risk betting systems. Learn how to earn money sitting in your armchair.</description>
     <ror:updatePeriod></ror:updatePeriod>
     <ror:sortOrder>1</ror:sortOrder>
     <ror:resourceOf>sitemap</ror:resourceOf>
</item>
<item>
     <link>http://www.betways.co.uk/tennis-betting-system-followTheServer</link>
     <title>Tennis - Follow the Server</title>
     <description>Website with description of low risk betting systems. Learn how to earn money sitting in your armchair.</description>
     <ror:updatePeriod></ror:updatePeriod>
     <ror:sortOrder>1</ror:sortOrder>
     <ror:resourceOf>sitemap</ror:resourceOf>
</item>
<item>
     <link>http://www.betways.co.uk/tennis-betting-system-catchBreakPoint</link>
     <title>Tennis - Catch the Break Point</title>
     <description>Website with description of low risk betting systems. Learn how to earn money sitting in your armchair.</description>
     <ror:updatePeriod></ror:updatePeriod>
     <ror:sortOrder>1</ror:sortOrder>
     <ror:resourceOf>sitemap</ror:resourceOf>
</item>
<item>
     <link>http://www.betways.co.uk/about-us-contact</link>
     <title>About Us</title>
     <description>Website with description of low risk betting systems. Learn how to earn money sitting in your armchair.</description>
     <ror:updatePeriod></ror:updatePeriod>
     <ror:sortOrder>1</ror:sortOrder>
     <ror:resourceOf>sitemap</ror:resourceOf>
</item>
<item>
     <link>http://www.betways.co.uk/index.html</link>
     <title>The Best Football, Horse Racing, Tennis and Roulette Betting Systems in 2018 - Strategy Guide</title>
     <description>Website with description of low risk betting systems. Learn how to earn money sitting in your armchair.</description>
     <ror:updatePeriod></ror:updatePeriod>
     <ror:sortOrder>2</ror:sortOrder>
     <ror:resourceOf>sitemap</ror:resourceOf>
</item>
</channel>
</rss>
  